<?xml version="1.0" encoding="UTF-8"?>
<!DOCTYPE mapper PUBLIC "-//mybatis.org//DTD Mapper 3.0//EN" "http://mybatis.org/dtd/mybatis-3-mapper.dtd">
<mapper namespace="com.xingcai.ucenter.mapper.XcPermissionMapper">

    <!-- 通用查询映射结果 -->
    <resultMap id="BaseResultMap" type="com.xingcai.ucenter.model.po.XcPermission">
        <id column="id" property="id" />
        <result column="role_id" property="roleId" />
        <result column="menu_id" property="menuId" />
        <result column="create_time" property="createTime" />
    </resultMap>

    <!-- 通用查询结果列 -->
    <sql id="Base_Column_List">
        id, role_id, menu_id, create_time
    </sql>

</mapper>
