<?xml version="1.0" encoding="UTF-8"?>
<!DOCTYPE mapper PUBLIC "-//mybatis.org//DTD Mapper 3.0//EN" "http://mybatis.org/dtd/mybatis-3-mapper.dtd">
<mapper namespace="com.xingcai.ucenter.mapper.XcRoleMapper">

    <!-- 通用查询映射结果 -->
    <resultMap id="BaseResultMap" type="com.xingcai.ucenter.model.po.XcRole">
        <id column="id" property="id" />
        <result column="role_name" property="roleName" />
        <result column="role_code" property="roleCode" />
        <result column="description" property="description" />
        <result column="create_time" property="createTime" />
        <result column="update_time" property="updateTime" />
        <result column="status" property="status" />
    </resultMap>

    <!-- 通用查询结果列 -->
    <sql id="Base_Column_List">
        id, role_name, role_code, description, create_time, update_time, status
    </sql>

</mapper>
