<?xml version="1.0" encoding="UTF-8"?>
<!DOCTYPE mapper PUBLIC "-//mybatis.org//DTD Mapper 3.0//EN" "http://mybatis.org/dtd/mybatis-3-mapper.dtd">
<mapper namespace="com.xingcai.ucenter.mapper.XcTeacherMapper">

    <!-- 通用查询映射结果 -->
    <resultMap id="BaseResultMap" type="com.xingcai.ucenter.model.po.XcTeacher">
        <id column="id" property="id" />
        <result column="user_id" property="userId" />
        <result column="name" property="name" />
        <result column="intro" property="intro" />
        <result column="resume" property="resume" />
        <result column="pic" property="pic" />
    </resultMap>

    <!-- 通用查询结果列 -->
    <sql id="Base_Column_List">
        id, user_id, name, intro, resume, pic
    </sql>

</mapper>
