<?xml version="1.0" encoding="UTF-8"?>
<!DOCTYPE mapper PUBLIC "-//mybatis.org//DTD Mapper 3.0//EN" "http://mybatis.org/dtd/mybatis-3-mapper.dtd">
<mapper namespace="com.xuecheng.orders.mapper.XcOrdersGoodsMapper">

    <!-- 通用查询映射结果 -->
    <resultMap id="BaseResultMap" type="com.xingcai.orders.model.po.XcOrdersGoods">
        <id column="id" property="id" />
        <result column="order_id" property="orderId" />
        <result column="goods_id" property="goodsId" />
        <result column="goods_type" property="goodsType" />
        <result column="goods_name" property="goodsName" />
        <result column="goods_price" property="goodsPrice" />
        <result column="goods_detail" property="goodsDetail" />
    </resultMap>

    <!-- 通用查询结果列 -->
    <sql id="Base_Column_List">
        id, order_id, goods_id, goods_type, goods_name, goods_price, goods_detail
    </sql>

</mapper>
