<?xml version="1.0" encoding="UTF-8"?>
<!DOCTYPE mapper PUBLIC "-//mybatis.org//DTD Mapper 3.0//EN" "http://mybatis.org/dtd/mybatis-3-mapper.dtd">
<mapper namespace="com.xingcai.media.mapper.MediaFilesMapper">

    <!-- 通用查询映射结果 -->
    <resultMap id="BaseResultMap" type="com.xingcai.media.model.po.MediaFiles">
        <id column="id" property="id" />
        <result column="company_id" property="companyId" />
        <result column="company_name" property="companyName" />
        <result column="filename" property="filename" />
        <result column="file_type" property="fileType" />
        <result column="tags" property="tags" />
        <result column="bucket" property="bucket" />
        <result column="file_id" property="fileId" />
        <result column="url" property="url" />
        <result column="timelength" property="timelength" />
        <result column="username" property="username" />
        <result column="create_date" property="createDate" />
        <result column="change_date" property="changeDate" />
        <result column="status" property="status" />
        <result column="remark" property="remark" />
        <result column="audit_status" property="auditStatus" />
        <result column="audit_mind" property="auditMind" />
    </resultMap>

    <!-- 通用查询结果列 -->
    <sql id="Base_Column_List">
        id, company_id, company_name, filename, file_type, tags, bucket, file_id, url, timelength, username, create_date, change_date, status, remark, audit_status, audit_mind
    </sql>

</mapper>
